<?xml version="1.0" encoding="utf-8" ?>
<manifest>
  <control namespace="DetailslistNamespace" constructor="TSDetailslistComponent" version="1.0.0" display-name-key="DetailslistComponent" description-key="FluentUI details list for contacts" control-type="standard">
    <!-- dataset node represents a set of entity records on CDS; allow more than one datasets -->
    <data-set name="Detailslist" display-name-key="Dataset_Display_Key">
      <!-- 'property-set' node represents a unique, configurable property that each record in the dataset must provide. -->
      <!-- UNCOMMENT TO ADD PROPERTY-SET NODE
      <property-set name="samplePropertySet" display-name-key="Property_Display_Key" description-key="Property_Desc_Key" of-type="SingleLine.Text" usage="bound" required="true" />
      -->
    </data-set>
    <resources>
      <code path="index.ts" order="1"/>
      <!-- UNCOMMENT TO ADD MORE RESOURCES
      <css path="css/TSDetailslistComponent.css" order="1" />
      <resx path="strings/TSDetailslistComponent.1033.resx" version="1.0.0" />
      -->
    </resources>
    <!-- UNCOMMENT TO ENABLE THE SPECIFIED API
    <feature-usage>
      <uses-feature name="Device.captureAudio" required="true" />
      <uses-feature name="Device.captureImage" required="true" />
      <uses-feature name="Device.captureVideo" required="true" />
      <uses-feature name="Device.getBarcodeValue" required="true" />
      <uses-feature name="Device.getCurrentPosition" required="true" />
      <uses-feature name="Device.pickFile" required="true" />
      <uses-feature name="Utility" required="true" />
      <uses-feature name="WebAPI" required="true" />
    </feature-usage>
    -->
  </control>
</manifest>